id,pdb,chain,length,molecule_type,name,sequence,split,n_chains,ligands,source,resolution,deposition_date,experiment_type,pdb_file_available
3mdk_A,3mdk,A,217,protein,Stringent starvation protein A,MSLGATNRLACYSDPADHYSHRVRLVLAEKGVSVQLIDVDPAHLPRKLAEVNPYGSVPTLVDRDLALYESTVVMEYLEERYPHPPLMPVYPVARGNSRLLMHRIQRDWCALADTVLDPRSSEAARTEARKALRESLTGVSPLFSEFACFMSDEQSLVDCCLLPILWRLPVLGIELPRQAKPLLDYMERQFAREPFQASLSSVEREMRKLEGHHHHHH,,2,[],Pseudomonas putida,1.85,2010-03-30,diffraction,True
4u01_A,4u01,A,203,protein,Non-structural 3 protease,MAPITAYSQQTRGLLGCIITSLTGRDRNQVEGEVQVVSTATQSFLATCVNGVCWTVYHGAGSKTLAGPKGPITQMYTNVDQDLVGWQAPPGARSLTPCTCGSSDLYLVTRHADVIPVRRRGDSRGSLLSPRPVSYLKGSSGGPLLCPSGHAVGIFRAAVCTRGVAKAVDFVPVESMETTMRASKKKKKGSVVIVGRIILSGRK,,18,[],Hepatitis C virus; Hepatitis C virus (isolate Con1),2.8,2014-07-11,diffraction,True
4at6_A,4at6,A,217,protein,FAB 14H7 HEAVY CHAIN,QVQLQQPGPELVTPGASVKMSCTASGYSFSSYNIHWVKQTPGQGLEWIGVIYPGNGDTSYNQKFRDKATLTADKSSSTAYMQLSSLTSEDSAVYHCARGGSGLLAYWGQGTLVTVSSAKTTPPSVYPLAPGSAAQTNSMVTLGCLVKGYFPEPVTVTWNSGSLSSGVHTFPAVLQSDLYTLSSSVTVPSSTWPSETVTCNVAHPASSTKVDKKIVPR,,16,[],MUS MUSCULUS,2.549,2012-05-04,diffraction,True
4o6o_D,4o6o,D,212,protein,Recombination protein RecR,GSSHHHHHHSQDPMSYYSTSVAKLIEELSKLPGIGPKTAQRLAFFIINMPLDEVRSLSQAIIEAKEKLRYGKICFNITDKEVCDICSDENRDHSTICVVSHPMDVVAMEKVKEYKGVYHVLHGVISPIEGVGPEDIRIKELLERVRDGSVKEVILATNPDIEGEATAMYIAKLLKPFGVKVTRIAHGIPVGGDLEYTDVVTLSKALEGRREV,,4,[],Thermoanaerobacter tengcongensis,3.0,2013-12-23,diffraction,True
6hvx_W,6hvx,W,205,protein,Proteasome subunit beta type-3,MSDPSSINGGIVVAMTGKDCVAIACDLRLGSQSLGVSNKFEKIFHYGHVFLGITGLATDVTTLNEMFRYKTNLYKLKEERAIEPETFTQLVSSSLYERRFGPYFVGPVVAGINSKSGKPFIAGFDLIGCIDEAKDFIVSGTASDQLFGMCESLYEPNLEPEDLFETISQALLNAADRDALSGWGAVVYIIKKDEVVKRYLKMRQD,,28,[],Saccharomyces cerevisiae (strain ATCC 204508 / S288c),2.8,2018-10-11,diffraction,True
4dgv_L,4dgv,L,213,protein,HCV1 Light Chain,ELTLTQSPATLSLSPGERATLSCRASQSVSSYLAWYQQKPGQAPRLLIYDASNRATGIPARFSGSGSGTDFTLTISSLEPEDFAVYYCQQRSNWITFGQGTRLEIKRTVAAPSVFIFPPSDEQLKSGTASVVCLLNNFYPREAKVQWKVDNALQSGNSQESVTEQDSKDSTYSLSNTLTLSKADYEKHKVYACEVTHQGLSSPVTKSFNRGEC,,3,[],Homo sapiens; SYNTHETIC CONSTRUCT,1.805,2012-01-26,diffraction,True
1z0b_A,1z0b,A,207,protein,Putative protease La homolog type,DYKLFITEGYEVGRVNGLAVIGESAGIVLPIIAEVTPSMSKSEGRVIATGRLQEIAREAVMNVSAIIKKYTGRDISNMDVHIQFVGTYEGVAGDSASISIATAVISAIEGIPVDQSVAMTGSLSVKGEVLPVGGVTQKIEAAIQAGLKKVIIPKDNIDDVLLDAEHEGKIEVIPVSRINEVLEHVLEDGKKKNRLMSKFKELELAAV,,1,[],Archaeoglobus fulgidus,1.55,2005-03-01,diffraction,True
8r05_B,8r05,B,208,protein,ATP-dependent Clp protease proteolytic subunit,GSSYSDKRDQYAPHMALVPMVVEQTTRGERSYDIYSRLLKERIIFLTGQVEDHMANLVAAQMLFLEAENPEKDIFLYINSPGGVITAGMSIYDTMQFIKPDVSTICMGQACSMGAFLLTAGAKGKRICLPNSRVMIHQPLGGFQGQATDIEIHAQEILKVKSRMNELMAKHTGRPIEEIAKDTERDRFLSADEAVEYGLVDKIFTHRD,,14,[],Photorhabdus laumondii,2.5,2023-10-30,diffraction,True
3tvm_C,3tvm,C,209,protein,"Valpha14 (mouse variable domain, human constant domain)",MKTQVEQSPQSLVVRQGENCVLQCNYSVTPDNHLRWFKQDTGKGLVSLTVLVDQKDKTSNGRYSATLDKDAKHSTLHITATLLDDTATYICVVGDRGSALGRLHFGAGTQLIVIPDIQNPDPAVYQLRDSKSSDKSVCLFTDFDSQTNVSQSKDSDVYITDKCVLDMRSMDFKSNSAVAWSNKSDFACANAFNNSIIPEDTFFPSPESS,,8,[],"Mus musculus; Mus musculus, Homo sapiens",2.8,2011-09-20,diffraction,True
3skn_A,3skn,A,203,protein,"RL42 T cell receptor, alpha chain",HMRKEVEQDPGPFNVPEGATVAFNCTYSNSASQSFFWYRQDSRKEPKLLMSVYSSGNEDGRFTAQLNRASQYISLLIRDSKLSDSATYLCVVRAGKLIFGQGTELSVKPNIQNPDPAVYQLRDSKSSDKSVCLFTDFDSQTNVSQSKDSDVYITDKCVLDMRSMDFKSNSAVAWSNKSDFACANAFNNSIIPEDTFFPSPESS,,8,[],Homo sapiens,2.9,2011-06-22,diffraction,True
4wp3_E,4wp3,E,210,protein,Ma1120,NTANLVRKEGFGAAVRSSIEELADWAEVERPDLARVTPDGRVVILFTDIEESTALNERIGDRAWVKLISSHDKLVSDLVRRQSGHVVKSQGDGFMVAFARPEQAVRCGIELQRALRRNANRKRHEEIRVRIGIHMGRSVRRGDDLFGRNVAMAARVAAQAAGGEILVSQPVRDALSRSDGIRFDDGREVELKGFSGTYRLFAVLASPDPG,,6,[],Mycobacterium avium,1.95,2014-10-17,diffraction,True
4zff_B,4zff,B,215,protein,Fragment antigen binding (Fab) 5A12 Light chain,DIQMTQSPSSLSASVGDRVTITCRASQFLSSFGVAWYQQKPGKAPKLLIYGASSLYSGVPSRFSGSGSGTDFTLTISSLQPEDFATYYCQQGLLSPLTFGQGTKVEIKRTVAAPSVFIFPPSDEQLKSGTASVVCLLNNFYPREAKVQWKVDNALQSGNSQESVTEQDSKDSTYSLSSTLTLSKADYEKHKVYACEVTHQGLSSPVTKSFNRGEC,,6,[],Homo sapiens,2.75,2015-04-21,diffraction,True
9cuc_C,9cuc,C,210,protein,Stimulator of interferon genes protein,MGSSHHHHHHSSGETVRFQGHMSVAHGLAWSYYIGYLRLILPELQARIRTYNQHYNNLLRGAVSQRLYILLPLDCGVPDNLSMADPNIRFLDKLPQQTADRAGIKDRVYSNSIYELLENGQRAGTCVLEYATPLQTLFAMSQYSQAGFSREDRLEQAKLFCQTLEDILADAPESQNNCRLIAYQEPADDSSFSLSQEVLRHLRQEEKEEV,,6,[],Homo sapiens,2.097,2024-07-26,diffraction,True
8eho_A,8eho,A,204,protein,Papain-like protease 2,GAAGKRARAKRAAKSEKDSAPTPKVALPVPTCGITTYSPPTDGSCGWHVLAAIMNRMINGDFTSPLTQYNRPEDDWASDYDLVQAIQCLQLPATVVRNRACPNAKYLIKLNGVHWEVEVRSGMAPRSLPRECVVGVCSEGCVAPPYPADGLPKRALEALASAYRLPSDCVSSGIADFLANPPPQEFWTLDKMLTGSSGHHHHHH,,6,[],Homo sapiens; Porcine reproductive and respiratory syndrome virus,2.85,2022-09-14,diffraction,True
1u0a_B,1u0a,B,214,protein,Beta-glucanase,QTGGSFFEPFNSYNSGTWEKADGYSNGGVFNCTWRANNVNFTNDGKLKLGLTSSAYNKFDCAEYRSTNIYGYGLYEVSMKPAKNTGIVSSFFTYTGPAHGTQWDQIDIQFLGKDTTKVQFNYYTNGVGGHEKVISLGFDASKGFHTYAFDWQPGYIKWYVDGVLKHTATANIPSTPGKIMMNLWNGTGVDDWLGSYNGANPLYAEYDWVKYTSN,,4,[],Paenibacillus macerans,1.64,2004-07-13,diffraction,True
2q16_A,2q16,A,219,protein,HAM1 protein homolog,MGSSHHHHHHSSGLVPRGSHMQKVVLATGNVGKVRELASLLSDFGLDIVAQTDLGVDSAEETGLTFIENAILKARHAAKVTALPAIADASGLAVDVLGGAPGIYSARYSGEDATDQKNLQKLLETMKDVPDDQRQARFHCVLVYLRHAEDPTPLVCHGSWPGVITREPAGTGGFGYDPIFFVPSEGKTAAELTREEKSAISHRGQALKLLLDALRNGGS,,2,[],Escherichia coli,1.95,2007-05-23,diffraction,True
4a3g_E,4a3g,E,215,protein,"DNA-DIRECTED RNA POLYMERASES I, II, AND III SUBUNIT RPABC 1",MDQENERNISRLWRAFRTVKEMVKDRGYFITQEEVELPLEDFKAKYCDSMGRPQRKMMSFQANPTEESISKFPDMGSLWVEFCDEPSVGVKTMKTFVIHIQEKNFQTGIFVYQNNITPSAMKLVPSIPPATIETFNEAALVVNITHHELVPKHIRLSSDEKRELLKRYRLKESQLPRIQRADPVALYLGLKRGEVVKIIRKSETSGRYASYRICM,,15,[],SACCHAROMYCES CEREVISIAE; SYNTHETIC CONSTRUCT,3.5,2011-09-30,diffraction,True
7n2p_D,7n2p,D,204,protein,AS4.3 T cell receptor alpha chain,KQEVTQIPAALSVPEGENLVLNCSFTDSAIYNLQWFRQDPGKGLTSLLLIQSSQREQTSGRLNASLDKSSGRSTLYIAASQPGDSATYLCAVSNFNKFYFGSGTKLNVKPNIQNPDPAVYQLRDSKSSDKSVCLFTDFDSQTNVSQSKDSDVYITDKCVLDMRSMDFKSNSAVAWSNKSDFACANAFNNSIIPEDTFFPSPESS,,5,[],Homo sapiens; SYNTHETIC CONSTRUCT,2.5,2021-05-29,diffraction,True
3tpu_G,3tpu,G,211,protein,42F3 alpha,SHMAQSVTQPDARVTVSEGASLQLRCKYSYSATPYLFWYVQYPRQGLQMLLKYYSGDPVVQGVNGFEAEFSKSDSSFHLRKASVHWSDSAVYFCAVSAKGTGSKLSFGKGAKLTVSPNIQNPDPAVYQLRDSKSSDKSVCLFTDFDSQTNVSQSKDSDVYITDKCVLDMRSMDFKSNSAVAWSNKSDFACANAFNNSIIPEDTFFPSPESS,,16,[],"Mus musculus; Mus musculus, Homo sapiens; SYNTHETIC CONSTRUCT",3.1,2011-09-08,diffraction,True
1gri_B,1gri,B,217,protein,GROWTH FACTOR BOUND PROTEIN 2,MEAIAKYDFKATADDELSFKRGDILKVLNEECDQNWYKAELNGKDGFIPKNYIEMKPHPWFFGKIPRAKAEEMLSKQRHDGAFLIRESESAPGDFSLSVKFGNDVQHFKVLRDGAGKYFLWVVKFNSLNELVDYHRSTSVSRNQQIFLRDIEQVPQQPTYVQALFDFDPQEDGELGFRRGDFIHVMDNSDPNWWKGACHGQTGMFPRNYVTPVNRNV,,2,[],Homo sapiens,3.1,1995-02-28,diffraction,True
2oad_B,2oad,B,209,protein,Glutathione S-transferase P 1,PPYTIVYFPVRGRCEAMRMLLADQGQSWKEEVVTIDTWMQGLLKPTCLYGQLPKFEDGDLTLYQSNAILRHLGRSLGLYGKNQREAAQMDMVNDGVEDLRGKYVTLIYTNYENGKNDYVKALPGHLKPFETLLSQNQGGKAFIVGDQISFADYNLLDLLLIHQVLAPGALDNFPLLSAYVARLSARPKIKAFLSSPEHVNRPINGNGKQ,,2,[],Mus musculus,2.5,2006-12-15,diffraction,True
7t82_C,7t82,C,219,protein,Antibody Fab Light Chain,DVLMTQTPLSLPVSLGDQASISCRSSQTIVYSDGNTYLEWYLQKPGQSPKLLIYKVSNRFSGVPDRVSGSGSGTDFTLKISRVEAEDLGVYYCFQGSHVPYTFGGGTKLEIKRTVAAPSVFIFPPSDEQLKSGTASVVCLLNNFYPREAKVQWKVDNALQSGNSQESVTEQDSKDSTYSLSSTLTLSKADYEKHKVYACEVTHQGLSSPVTKSFNRGEC,,8,[],,3.5,2021-12-15,diffraction,True
4ap9_A,4ap9,A,201,protein,PHOSPHOSERINE PHOSPHATASE,GAMDPQFMKKVAVIDIEGTLTDFEFWREMARITGKREIEELLEKGLSGEVEWLDSLLKRVGLIRGIDEGTFLRTREKVNVSPEARELVETLREKGFKVVLISGSFEEVLEPFKELGDEFMANRAIFEDGKFQGIRLRFRDKGEFLKRFRDGFILAMGDGYADAKMFERADMGIAVGREIPGADLLVKDLKELVDFIKNLKP,,4,[],THERMOCOCCUS ONNURINEUS,1.783,2012-03-31,diffraction,True
6si1_A,6si1,A,219,protein,Cellular tumor antigen p53,SSSVPSQKTYQGSYGFRLGFLHSGTAKSVTCTYSPALNKLFCQLAKTCPVQLWVDSTPPPGTRVRAMAIYKQSQHMTEVVRRCPHHERCSDSDGLAPPQHLIRVEGNLRAEYLDDRNTFRHSVVVPHEPPEVGSDCTTIHYNYMCYSSCMGGMNRRPILTIITLEDSSGNLLGRDSFEVRVCACPGRDRRTEEENLRKKGEPHHELPPGSTKRALPNNT,,2,[],Homo sapiens,1.44,2019-08-08,diffraction,True
4gwp_F,4gwp,F,210,protein,Mediator of RNA polymerase II transcription subunit 20,MGKSAVIFVERATPATLTELKDALSNSILSVRDPWSIDFRTYRCSIKNLPADVSKLMYSITFHHHGRQTVLIKDNSAMVTTAAAADIPPALVFNGSSTGVPESIDTILSSKLSNIWMQRQLIKGDAGETLILDGLTVRLVNLFSSTGFKGLLIELQADEAGEFETKIAGIEGHLAEIRAKEYKTSSDSLGPDTSNEICDLAYQYVRALEL,,7,[],Saccharomyces cerevisiae; Saccharomyces cerevisiae S288c,4.2,2012-09-03,diffraction,True
5qto_B,5qto,B,209,protein,ADP-sugar pyrophosphatase,SMESQEPTESSQNGKQYIISEELISEGKWVKLEKTTYMDPTGKTRTWESVKRTTRKEQTADGVAVIPVLQRTLHYECIVLVKQFRPPMGGYCIEFPAGLIDDGETPEAAALRELEEETGYKGDIAECSPAVCMDPGLSNCTIHIVTVTINGDDAENARPKPKPGDGEFVEVISLPKNDLLQRLDALVAEEHLTVDARVYSYALALKHAN,,4,[],Homo sapiens,1.67,2019-08-14,diffraction,True
3qwo_B,3qwo,B,213,protein,motavizumab light chain,DIQMTQSPSTLSASVGDRVTITCSASSRVGYMHWYQQKPGKAPKLLIYDTSKLASGVPSRFSGSGSGTEFTLTISSLQPDDFATYYCFQGSGYPFTFGGGTKVEIKRTVAAPSVFIFPPSDEQLKSGTASVVCLLNNFYPREAKVQWKVDNALQSGNSQESVTEQDSKDSTYSLSSTLTLSKADYEKHKVYACEVTHQGLSSPVTKSFNRGEC,,6,[],Mus musculus; Staphylococcus aureus,1.9,2011-02-28,diffraction,True
8ts5_C,8ts5,C,215,protein,S1C variant of Fab C1 light chain,DIQMTQSPSSLSASVGDRVTITCRASQSVSSAVAWYQQKPGKAPKLLIYSASSLYSGVPSRFSGSRSGTDFTLTISSLQPEDFATYYCQQYYGYGGYPITFGQGTKVEIKRTVAAPSVFIFPPSDEQLKSGTASVVCLLNNFYPREAKVSWYVDNALQSGNSQESVTEQDSKDSTYSLSSTLTLSKADYEKHKVYACEVTQGTTSVTKSFNRGEC,,4,[],Homo sapiens,2.1,2023-08-10,diffraction,True
7rtp_A,7rtp,A,215,protein,JTO light chain,NFMLNQPHSVSESPGKTVTISCTRSSGNIDSNYVQWYQQRPGSAPITVIYEDNQRPSGVPDRFAGSIDRSSNSASLTISGLKTEDEADYYCQSYDARNVVFGGGTRLTVLGQPKAAPSVTLFPPSSEELQANKATLVCLISDFYPGAVTVAWKADSSPVKAGVETTTPSKQSNNKYAASSYLSLTPEQWKSHKSYSCQVTHEGSTVEKTVAPTEC,,2,[],Homo sapiens,2.09,2021-08-13,diffraction,True
3v5i_S,3v5i,S,203,protein,ATP-dependent Clp protease proteolytic subunit,MNLIPTVIETTNRGERAYDIYSRLLKDRIIMLGSQIDDNVANSIVSQLLFLQAQDSEKDIYLYINSPGGSVTAGFAIYDTIQHIKPDVQTICIGMAAAMGSFLLAAGAKGKRFALPNAEVMIHQPLGGAQGQATEIEIAANHILKTREKLNRILSERTGQSIEKIQKDTDRDNFLTAEEAKEYGLIDEVMVPETKWSHPQFEK,,28,[],Staphylococcus aureus subsp. aureus,2.8,2011-12-16,diffraction,True
4xl8_C,4xl8,C,209,protein,Fiber-1,MRGSHHHHHHGSGSGSGIEGRPYNGTGSRFNSSGAIAFGIQTLWTPPTSNPNCTVYTESDSLLSLCLTKCGAHVLGSVSLTGVAGTMTNMAETSLAIEFTFDDTGKLLHSPLVNNTFSIRQGDSPASNPTYNALAFMPNSTLYARGGSGEPRNNYYVQTYLRGNVQRPITLTVTFNSAATGYSLSFKWTAVVREKFAAPATSFCYITEQ,,3,[],Human adenovirus 52,1.65,2015-01-13,diffraction,True
3pvn_O,3pvn,O,206,protein,C-reactive protein,QTDMSRKAFVFPKESDTSYVSLKAPLTKPLKAFTVCLHFYTELSSTRGYSIFSYATKRQDNEILIFWSKDIGYSFTVGGSEILFEVPEVTVAPVHICTSWESASGIVEFWVDGKPRVRKSLKKGYTVGAEASIILGQEQDSFGGNFEGSQSLVGDIGNVNMWDFVLSPDEINTIYLGGPFSPNVLNWRALKYEVQGEVFTKPQLWP,,20,[],Homo sapiens,1.98,2010-12-07,diffraction,True
2c8g_B,2c8g,B,211,protein,MONO-ADP-RIBOSYLTRANSFERASE C3,AYSNTYQEFTNIDQAKAWGNAQYKKYGLSKSEKEAIVSYTKSASEINGKLRQNKGVINGFPSNLIKQVELLDKSFNKMKTPENIMLFRGDDPAYLGTEFQNTLLNSNGTINKTAFEKAKAKFLNKDRLEYGYISTSLMNVSAFAGRPIITKFKVAKGSKAGYIDPISAFAGQLEMLLPRHSTYHIDDMRLSSDGKQIIITATMMGTAINPK,,4,[],CLOSTRIDIUM BOTULINUM,2.0,2005-12-03,diffraction,True
8btn_A,8btn,A,211,protein,TIR domain-containing protein,MGSSHHHHHHENLYFQGGMTLFTENDLLNNSYKSIQKSYHFSENQAAKNILEQAYKNYDKNKIYDIFLSHSFLDARKILGLKNYIEGLGYSVYVDWIEDKQLDRSKVSKETAGILRERMQSCKSLFFAISENSDHSLWMPWELGYFDGIKQKVAILPVLKSSYDDSYNGQEYLGLYPYVAKGTIINSTQEEIWIHSSQKQYVRFRNWLQQN,,2,[],Bacillus cereus MSX-D12,3.1,2022-11-29,diffraction,True
1pma_Y,1pma,Y,211,protein,PROTEASOME,MNQTLETGTTTVGITLKDAVIMATERRVTMENFIMHKNGKKLFQIDTYTGMTIAGLVGDAQVLVRYMKAELELYRLQRRVNMPIEAVATLLSNMLNQVKYMPYMVQLLVGGIDTAPHVFSIDAAGGSVEDIYASTGSGSPFVYGVLESQYSEKMTVDEGVDLVIRAISAAKQRDSASGGMIDVAVITRKDGYVQLPTDQIESRIRKLGLIL,,28,[],Thermoplasma acidophilum,3.4,1994-12-19,diffraction,True
3khw_B,3khw,B,204,protein,Polymerase PB2,EINGPESVLVNTYQWIIRNWEIVKIQWSQDPTMLYNKMEFEPFQSLVPKATRSRYSGFVRTLFQQMRDVLGTFDTVQIIKLLPFAAAPPEQSRMQFSSLTVNVRGSGLRILVRGNSPVFNYNKATKRLTVLGKDAGALTEDPDEGTSGVESAVLRGFLILGKEDKRYGPALSINELSNLAKGEKANVLIGQGDVVLVMKRKRDS,,2,[],Influenza A virus (A/Mexico/InDRE4487/2009(H1N1)),2.1,2009-10-31,diffraction,True
4yhi_L,4yhi,L,219,protein,aDabi-Fab2a light chain,DIVMTQTPLSLSVTPGQPASISCRSSQSIVHSDGNIYLEWYLQKPGQSPKLLIYKVSYRFSGVPDRFSGSGSGTDFTLKISRVEAEDVGVYYCFQASHVPYTFGQGTKLEIKRTVAAPSVFIFPPSDEQLKSGTASVVCLLNNFYPREAKVQWKVDNALQSGNSQESVTEQDSKDSTYSLSSTLTLSKADYEKHKVYACEVTHQGLSSPVTKSFNRGEC,,4,[],Homo sapiens,1.9,2015-02-27,diffraction,True
3h8x_A,3h8x,A,209,protein,Alpha-ketoglutarate-dependent dioxygenase alkB homolog 2,GSHSWRHIRAEGLDSSYTVLFGKAEADEIFQELEKEVEYFTGALARVQVFGKWHSVPRKQATYGDAGLTYTFSGLTLSPKPWIPVLERIRDHVSGVTGQTFNFVLINRYKDGSDHIGEHRDDCRELAPGSPIASVSFGASRDFVFRHKDSRGKSPSRRVAVVRLPLAHGSLLMMNHPTNTHWYHSLPVRKKVLAPRVNLTFRKILLTKK,,3,[],Homo sapiens; SYNTHETIC CONSTRUCT,1.95,2009-04-29,diffraction,True
3inu_N,3inu,N,217,protein,KZ52 antibody fragment light chain,ELVMTQSPDSLAVSLGERATINCKSSQSVLYSSNNKSYLAWYQQKPGQPPKLLIYWASTRESGVPDRFSGSGSGTDFTLTISSLQAEDVAVYYCQQYYSAPLTFGGGTKVEIKRTVAAPSVFIFPPSDEQLKSGTASVVCLLNNFYPREAKVQWKVDNALQSGNSQESVTEQDSKDSTYSLSSTLTLSKADYEKHKVYACEVTHQGLRSPVTKSFNR,,4,[],Homo sapiens,2.5,2009-08-12,diffraction,True
5x0o_E,5x0o,E,207,protein,LysR family transcriptional regulator,GAMGASGKIKISTPYNLTKRMMMPMLNGFMSQYPEINIELTTESNADQLDPTEWDVIFRVGPQRDSSLIARKIGSVKDILVASPEYVNAHPMPTHAEDLHDHFLLKGHPLLKWTLINSKGETVVNVDRGRFQANALNVVRSACSEGLGITLMPDVMIKEYIADGSLVRILPDWSANPRDIYMLYNHKDHLPEKVRLFIDYVIAYNIH,,6,[],Vibrio vulnificus,2.402,2017-01-22,diffraction,True
4hbc_L,4hbc,L,213,protein,"Antigen Binding Fragment, Immunoglobulin IgG - Light Chain",DVVMTQTPASVSEPVGGTVTIKCQASQSISSYLAWYQQKPGQRPRLLIYETSTLASGVPSRFKGSGSGTDFTLTISDLECADAATYYCQSTYENPTYVSFGGGTEVGVKGDPVAPTVLIFPPSADLVATGTVTIVCVANKYFPDVTVTWEVDGTTQTTGIENSKTPQNSADCTYNLSSTLTLTSTEYNSHKEYTCKVTQGTTSVVQSFNRGDC,,2,[],Oryctolagus cuniculus,1.54,2012-09-27,diffraction,True
8w8g_A,8w8g,A,212,protein,Telomeric repeat-binding factor 1,EEEEEDAGLVAEAEAVAAGWMLDFLCLSLCRAFRDGRSEDFRRTRNSAEAIIHGLSSLTACQLRTIYICQFLTRIAAGKTLDAQFENDERITPLESALMIWGSIEKEHDKLHEEIQNLIKIQAIAVCMENGNFKEAEEVFERIFGDPNSHMPFKSKLLMIISQKDTFHSFFQHFSYNHMMEKIKSYVNYVLSEKSSTFLMKAAAKVVESKRT,,8,[],Homo sapiens,2.7,2023-09-02,diffraction,True
9d1v_B,9d1v,B,205,protein,Beta-crystallin B2,MASDHQTQAGKPQSLNPKIIIFEQENFQGHSHELNGPCPNLKETGVEKAGSVLVQAGPWVGYEQANCKGEQFVFEKGEYPRWDSWTSSRRTDSLSSLRPIKVDSQEHKIILYENPNFTGKKMEIIDDDVPSFHAHGYQEKVSSVRVQSGTWVGYQYPGYRGLQYLLEKGDYKDSSDFGAPHPQVQSVRRIRDMQWHQRGAFHPSN,,4,[],Homo sapiens,2.0,2024-08-07,diffraction,True
4z7l_A,4z7l,A,218,protein,Cas6b,MDLEYMHISYPNILLNMRDGSKLRGYFAKKYIDEEIVHNHRDNAFVYKYPQIQFKIIDRSPLIIGIGSLGINFLESKRIFFEKELIISNDTNDITEVNVHKDMDHFGTTDKILKYQFKTPWMALNAKNSEIYKNSDEIDREEFLKRVLIGNILSMSKSLGYTIEEKLKVKINLKEVPVKFKNQNMVGFRGEFYINFDIPQYLGIGRNVSRGFGTVVKV,,9,[],Methanococcus maripaludis; Methanococcus maripaludis (strain C5 / ATCC BAA-1333),3.503,2015-04-07,diffraction,True
8cbf_B,8cbf,B,216,protein,Beta-49 light chain,AIRMTQSPGTLSLSPGERATLSCRASQSVSSSYLAWYQQKPGQAPRLLIYGASSRATGIPDRFSGSGSGTDFTLTISRLEPEDFAVYYCQQYGTSPSWTFGQGTKVEIKRTVAAPSVFIFPPSDEQLKSGTASVVCLLNNFYPREAKVQWKVDNALQSGNSQESVTEQDSKDSTYSLSSTLTLSKADYEKHKVYACEVTHQGLSSPVTKSFNRGEC,,5,[],Homo sapiens; Severe acute respiratory syndrome coronavirus 2,2.33,2023-01-25,diffraction,True
5l55_W,5l55,W,205,protein,Proteasome subunit beta type-3,MSDPSSINGGIVVAMTGKDCVAIACDLRLGSQSLGVSNKFEKIFHYGHVFLGITGLATDVTTLNEMFRYKTNLYKLKEERAIEPETFTQLVSSSLYERRFGPYFVGPVVAGINSKSGKPFIAGFDLIGCIDEAKDFIVSGTASDQLFGMCESLYEPNLEPEDLFETISQALLNAADRDALSGWGAVVYIIKKDEVVKRYLKMRQD,,28,[],Saccharomyces cerevisiae S288c,2.9,2016-05-27,diffraction,True
1ze3_C,1ze3,C,205,protein,Chaperone protein fimC,GVALGATRVIYPAGQKQEQLAVTNNDENSTYLIQSWVENADGVKDGRFIVTPPLFAMKGKKENTLRILDATNNQLPQDRESLFWMNVKAIPSMDKSKLTENTLQLAIISRIKLYYRPAKLALPPDQAAEKLRFRRSANSLTLINPTPYYLTVTELNAGTRVLENALVPPMGESTVKLPSDAGSNITYRTINDYGALTPKMTGVME,,3,[],Escherichia coli,1.84,2005-04-17,diffraction,True
8yl8_C,8yl8,C,211,protein,De novo protein,PDFTGARERFLAGDVTIVLLIAESHDAPYRLANPEDPEADLSDEQLERALAAYLTLVETLFPELYAEMKAALAAAKTPEEKIAVFREYNARFLAEFDALIDQAFARLKADSLTLKIHLSQGKGSYEIIFPPEVQADPERAAAIEALWKPTLDQLLAVLQEKHKGKPATTVTYEISAETLRAAVAALARAAEAALRRKVGSLESSGLEVLFQ,,4,[],Escherichia coli,2.21,2024-03-05,diffraction,True
1hys_C,1hys,C,214,protein,FAB-28 MONOCLONAL ANTIBODY FRAGMENT LIGHT CHAIN,DIQMTQTTSSLSASLGDRVTISCSASQDISSYLNWYQQKPEGTVKLLIYYTSSLHSGVPSAFSGSGSGTDYSLTISNLEPEDFATYYCQQYSKFPWTFGGGTKLEIKRADAAPTVSIFPPSSEQLTSGGASVVCFLNNFYPKDINVAWAIDGSAAANGVLNSWTDQDSKDSTYSMSSTLTLTADAYEAANSYTCAATHKTSTSPIVKSFNANEC,,6,[],Human immunodeficiency virus 1; Mus musculus; SYNTHETIC CONSTRUCT,3.0,2001-01-22,diffraction,True
1j59_A,1j59,A,209,protein,CATABOLITE GENE ACTIVATOR PROTEIN (CAP),VLGKPQTDPTLEWFLSHCHIHKYPSKSTLIHQGEKAETLYYIVKGSVAVLIKDEEGKEMILSYLNQGDFIGELGLFEEGQERSAWVRAKTACEVAEISYKKFRQLIQVNPDILMRLSAQMARRLQVTSEKVGNLAFLDVTGRIAQTLLNLAKQPDAMTHPDGMQIKITRQEIGQIVGCSRETVGRILKMLEDQNLISAHGKTIVVYGTR,,6,[],Escherichia coli; SYNTHETIC CONSTRUCT,2.5,2002-03-01,diffraction,True
3o93_C,3o93,C,211,protein,nicotinamidase,MGSSHHHHHHSSGLVPRGSHMTKALISIDYTEDFVADSGKLTAGAPAQAISDAISKVTRLAFERGDYIFFTIDAHEENDCFHPESKLFPPHNLIGTSGRNLYGDLGIFYQEHGSDSRVFWMDKRHYSAFSGTDLDIRLRERRVSTVILTGVLTDICVLHTAIDAYNLGYDIEIVKPAVASIWPENHQFALGHFKNTLGAKLVDENLNELFE,,4,[],Streptococcus pneumoniae,1.84,2010-08-03,diffraction,True
6orm_C,6orm,C,202,protein,Peruvianin-I,RADPGPLQDFCLADLNSPLFINGYPCRNPALATSDDFIYSGFKQAPSGFDQWGLNVTFVTAGQFPALNTLGLTINRCVLLPGGSTQFRTNPRASSLVMATEGEILEGFYSTNDNQLYVKRLTPGDLFIIPPGLMHFTVNVGTGNATFYASLNSQNPGGQIVGLMDETVIAHLKAQYPNVVSQMLPSVNDRINSKIPVIKLPL,,3,[],Thevetia peruviana,2.15,2019-04-30,diffraction,True
4u5a_A,4u5a,A,201,protein,Sporozoite microneme protein essential for cell traversal,SNIDHSKNNIIEEFDKLSDDFSNDINATKQTIKDLFLDIEASFEDTSDDVVKLLSKYSFVPEEKLNIIDGILRSFIENNKTHVINSSNAYIYIQKEKIKNVCNFILKKLNSLIQINELNKSHIILKYGKGEAKKGVLESIKNNDDISKNLKSELLKYENVNNQNIRVSELINFITPIYDDFIKNLTDLINDLQIKLKNISK,,4,[],Plasmodium berghei,2.75,2014-07-25,diffraction,True
4ezq_A,4ezq,A,219,protein,Chaperone protein DnaK,VLLLDVTPLSLGIETMGGVMTTLIAKNTTIPTKHSQVFSTAEDNQSAVTIHVLQGERKRAADNKSLGQFNLDGINPAPRGMPQIEVTFDIDADGILHVSAKDKNSGKEQKITIKASSGLNEDEIQKMVRDAEANAEADRKFEELVQTRNQGDHLLHSTRKQVEEAGDKLPADDKTAIESALTALETALKGEDKAAIEAKMQELAQVSQKLMEIAQQQHA,,2,[],Escherichia coli; SYNTHETIC CONSTRUCT,2.0,2012-05-03,diffraction,True
6w5y_C,6w5y,C,201,protein,EnvP(b)1 inferred receptor binding domain,ASHLIINVTRSDSPQTITFDACLVIPCGDLQSQRQLAAAEKYLCPSEADASTLFSFPFCHTWEYVVWTTQRQDWVPSQDFPLAVLKPYIHFTKGIAPPNCRYNQCNPVQISITIPTLQDSSPTLNRFYGMGADVRGKDPIGFFELHLSTSPSLISPRLSGAYPYDVPDYAGAGLEVLFQGPGGAHHHHHHHHGGAHHHHHH,,3,[],Gammaretrovirus,2.5,2020-03-14,diffraction,True
2y57_E,2y57,E,217,protein,SOLUBLE ACETYLCHOLINE RECEPTOR,QANLMRLKSDLFNRSPMYPGPTKDDPLTVTLGFTLQDIVKVDSSTNEVDLVYYEQQRWKLNSLMWDPNEYGNITDFRTSAADIWTPDITAYSSTRPVQVLSPQIAVVTHDGSVMFIPAQRLSFMCDPTGVDSEEGVTCAVKFGSWVYSGFEIDLKTDTDQVDLSSYYASSKYEILSATQTRQVQHYSCCPEPYIDVNLVVKFRERRAGNGFFRNLFD,,5,[],APLYSIA CALIFORNICA,3.3,2011-01-12,diffraction,True
1yau_L,1yau,L,217,protein,Proteasome beta subunit,MNQTLETGTTTVGITLKDAVIMATERRVTMENFIMHKNGKKLFQIDTYTGMTIAGLVGDAQVLVRYMKAELELYRLQRRVNMPIEAVATLLSNMLNQVKYMPYMVQLLVGGIDTAPHVFSIDAAGGSVEDIYASTGSGSPFVYGVLESQYSEKMTVDEGVDLVIRAISAAKQRDSASGGMIDVAVITRKDGYVQLPTDQIESRIRKLGLILHHHHHH,,21,[],Thermoplasma acidophilum; Trypanosoma brucei,2.4,2004-12-17,diffraction,True
8trl_G,8trl,G,204,protein,RA2.7 TCR alpha chain,MKTTQPPSMDCAEGRAANLPCNHSTISGNEYVYWYRQIHSQGPQYIIHGLKNNETNEMASLIITEDRKSSTLILPHATLRDTAVYYCIVNPANTGNQFYFGTGTSLTVIPNIQNPDPAVYQLRDSKSSDKSVCLFTDFDSQTNVSQSKDSDVYITDKCVLDMRSMDFKSNSAVAWSNKSDFACANAFNNSIIPEDTFFPSPESS,,10,[],Homo sapiens; SYNTHETIC CONSTRUCT,2.4,2023-08-09,diffraction,True
4qz5_W,4qz5,W,205,protein,Proteasome subunit beta type-3,MSDPSSINGGIVVAMTGKDCVAIACDLRLGSQSLGVSNKFEKIFHYGHVFLGITGLATDVTTLNEMFRYKTNLYKLKEERAIEPETFTQLVSSSLYERRFGPYFVGPVVAGINSKSGKPFIAGFDLIGCIDEAKDFIVSGTASDQLFGMCESLYEPNLEPEDLFETISQALLNAADRDALSGWGAVVYIIKKDEVVKRYLKMRQD,,28,[],Saccharomyces cerevisiae,2.8,2014-07-27,diffraction,True
4jdo_I,4jdo,I,219,protein,Virulence plasmid protein pGP3-D,MGNSGFYLYNTENCVFADNIKVGQMTEPLKDQQIILGTKSTPVAAKMTASDGISLTVSNNSSTNASITIGLLKAFNNFPITNKIQCNGLFTPSNIETLLGGTEIGKFTVTPKSSGSMFLVSADIIASRMEGGVVLALVREGDSKPCAISYGYSSGVPNLCSLRTSITNTGLTPTTYSLRVGGLESGVVWVNALSNGNDILGITNTSNVSFLEVIPQTNA,,9,[],Chlamydia trachomatis,2.3,2013-02-25,diffraction,True
6h1w_A,6h1w,A,214,protein,MJ1004,MKVRDLMDKNFAKIYVDETVEDAINLLKKKKRFSAPIVDKEDRLVGWVTTLELLGISEKDFKKPITEFMRPVEEVITVYEDDEARNVVLKFVKYKVVSIPVLTRDGRVIGMVRNCDVVKTLAKLYEIPVYKIFKELHNHIGDISWEELMEAAAVVTKRMTGEDITPQEYEERIKKTTFGKAIWACGGLEKFFVGLIEIGMVALARKLAKRRKGG,,2,[],Methanocaldococcus jannaschii DSM 2661,2.394,2018-07-12,diffraction,True
9j8a_L,9j8a,L,213,protein,Light Chain of Fab BA8,AAVLTQTPSPVSAAVGSTVTINCQSSQSVYSKNWLSWFQQKPGQPPKQLIYSASTLDSGVPSRFSGSGSGTQFTLTISGVQCDDAATYYCQGTYGDASAFGGGTEVVVKGDPVAPTVLIFPPSADLVATGTVTIVCVANKYFPDVTVTWEVDGTTQTTGIENSKTPQNSADCTYNLSSTLTLTSTQYNSHKEYTCKVTQGTTSVVQSFNRGDC,,3,[],Oryctolagus cuniculus; SYNTHETIC CONSTRUCT,1.75,2024-08-20,diffraction,True
1kkm_B,1kkm,B,205,protein,HprK protein,MRGSHHHHHHGSMYLDSQLAERRSMHGVLVDIYGLGVLITGDSGVGKSETALELVQRGHRLIADDRVDVYQQDEQTIVGAAPPILSHLLEIRGLGIIDVMNLFGAGAVREDTTISLIVHLENWTPDKTFDRLGSGEQTQLIFDVPVPKITVPVKVGRNLAIIIEVAAMNFRAKSMGYDATKTFEKNLNHLIEHNEETDQNSSGDK,,6,[],Bacillus subtilis; Lactobacillus casei,2.8,2001-12-10,diffraction,True
7pb0_B,7pb0,B,219,protein,Dehydrodolichyl diphosphate synthase complex subunit NUS1,GSGSGSGRGGSCLAAAHHRMRWRADGRSLEKLPVHMGLVITEVEQEPSFSDIASLVVWCMAVGISYISVYDHQGIFKRNNSRLMDEILKQQQELLGLDCSKDKDDQVLNCHLAVKVLSPEDGKADIVRAAQDFCQLVAQKQKRPTDLDVDTLASLLSSNGCPDPDLVLKFGPVDSTLGFLPWHIRLTEIVSLPSHLNISYEDFFSALRQYAACEQRLGK,,2,[],Homo sapiens,2.301,2021-07-30,diffraction,True
4dxf_A,4dxf,A,204,protein,Staphylococcal enterotoxin-like toxin,GPGSTKQVPTEINPKFKDLRAYYTKPSLEFKNEIGIILKKWTTIRFMNVVPDYFIYKIALVGKDDKKYGEGVHRNVDVFVVLEENNYNLEKYSVGGITKSNSKKVDHKAGVRITKEDNKGTISHDVSEFKITKEQISLKELDFKLRKQLIEKNNLYGNVGSGKIVIKMKNGGKYTFELHKKLQENRMADVIDGTNIDNIEVNIK,,2,[],Staphylococcus aureus,1.7,2012-02-27,diffraction,True
4h44_A,4h44,A,215,protein,Cytochrome b6,MANVYDWFEERLEIQAIAEDVTSKYVPPHVNIFYCLGGITLVCFLIQFATGFAMTFYYKPTVAEAYSSVQYIMNEVNFGWLIRSIHRWSASMMVLMMILHVFRVYLTGGFKKPRELTWVSGVILAVITVSFGVTGYSLPWDQVGYWAVKIVSGVPEAIPVVGVLISDLLRGGSSVGQATLTRYYSAHTFVLPWLIAVFMLFHFLMIRKQGISGPL,,8,[],Nostoc,2.7,2012-09-16,diffraction,True
7alq_B,7alq,B,209,protein,GTP cyclohydrolase 1,PEAKSAQPADGWKGERPRSEEDNELNLPNLAAAYSSILSSLGENPQRQGLLKTPWRAASAMQFFTKGYQETISDVLNDAIFDEDHDEMVIVKDIDMFSMCEHHLVPFVGKVHIGYLPNKQVLGLSKLARIVEIYSRRLQVQERLTKQIAVAITEALRPAGVGVVVEATHMCMVMRGVQKMNSKTVTSTMLGVFREDPKTREEFLTLIRS,,40,[],Homo sapiens,2.205,2020-10-07,diffraction,True
4y8g_W,4y8g,W,205,protein,Proteasome subunit beta type-3,MSDPSSINGGIVVAMTGKDCVAIACDLRLGSQSLGVSNKFEKIFHYGHVFLGITGLATDVTTLNEMFRYKTNLYKLKEERAIEPETFTQLVSSSLYERRFGPYFVGPVVAGINSKSGKPFIAGFDLIGCIDEAKDFIVSGTASDQLFGMCESLYEPNLEPEDLFETISQALLNAADRDALSGWGAVVYIIKKDEVVKRYLKMRQD,,34,[],Saccharomyces cerevisiae (strain ATCC 204508 / S288c); SYNTHETIC CONSTRUCT,2.6,2015-02-16,diffraction,True
5qje_A,5qje,A,209,protein,ADP-sugar pyrophosphatase,SMESQEPTESSQNGKQYIISEELISEGKWVKLEKTTYMDPTGKTRTWESVKRTTRKEQTADGVAVIPVLQRTLHYECIVLVKQFRPPMGGYCIEFPAGLIDDGETPEAAALRELEEETGYKGDIAECSPAVCMDPGLSNCTIHIVTVTINGDDAENARPKPKPGDGEFVEVISLPKNDLLQRLDALVAEEHLTVDARVYSYALALKHAN,,4,[],Homo sapiens,1.75,2018-10-31,diffraction,True
2xx2_B,2xx2,B,214,protein,ATP-DEPENDENT MOLECULAR CHAPERONE HSP82,MASETFEFQAEITQLMSLIINTVYSNKEIFLRELISNASDALDKIRYKSLSDPKQLETEPDLFIRITPKPEQKVLEIRDSGIGMTKAELINNLGTIAKSGTKAFMEALSAGADVSMIGQFGVGFYSLFLVADRVQVISKSNDDEQYIWESNAGGSFTVTLDEVNERIGRGTILRLFLKDDQLEYLEEKRIKEVIKRHSEFVAYPIQLVVTKEVE,,4,[],SACCHAROMYCES CEREVISIAE,1.85,2010-11-08,diffraction,True
7mpn_G,7mpn,G,207,protein,NanoRNase C,SMTEIRVHQGDLPNLDNYRIDAVAVDTETLGLQPHRDRLCVVQLSSGDGTADVIQIAKGQKSAPNLVRLLSDRDITKIFHFGRFDLAILAHTFGVMPDVVFCTKIASKLTRTYTDRHGLKEICGELLNVNISKQQQSSDWAAETLSRAQIEYAASDVLYLHRLKDIFEERLKREERESVAKACFQFLPMRANLDLLGWSEIDIFAHS,,16,[],Bartonella henselae; SYNTHETIC CONSTRUCT,1.94,2021-05-04,diffraction,True
2fpo_A,2fpo,A,202,protein,methylase yhhF,GHMKKPNHSGSGQIRIIGGQWRGRKLPVPDSPGLRPTTDRVRETLFNWLAPVIVDAQCLDCFAGSGALGLEALSRYAAGATLIEMDRAVSQQLIKNLATLKAGNARVVNSNAMSFLAQKGTPHNIVFVDPPFRRGLLEETINLLEDNGWLADEALIYVESEVENGLPTVPANWSLHREKVAGQVAYRLYQREAQGESDADGS,,6,[],Escherichia coli,2.05,2006-01-16,diffraction,True
7mpp_O,7mpp,O,207,protein,NanoRNase C,SMTEIRVHQGDLPNLDNYRIDAVAVDTETLGLQPHRDRLCVVQLSSGDGTADVIQIAKGQKSAPNLVRLLSDRDITKIFHFGRFDLAILAHTFGVMPDVVFCTKIASKLTRTYTDRHGLKEICGELLNVNISKQQQSSDWAAETLSRAQIEYAASDVLYLHRLKDIFEERLKREERESVAKACFQFLPMRANLDLLGWSEIDIFAHS,,8,[],Bartonella henselae,2.0,2021-05-04,diffraction,True
4rur_W,4rur,W,205,protein,Proteasome subunit beta type-3,MSDPSSINGGIVVAMTGKDCVAIACDLRLGSQSLGVSNKFEKIFHYGHVFLGITGLATDVTTLNEMFRYKTNLYKLKEERAIEPETFTQLVSSSLYERRFGPYFVGPVVAGINSKSGKPFIAGFDLIGCIDEAKDFIVSGTASDQLFGMCESLYEPNLEPEDLFETISQALLNAADRDALSGWGAVVYIIKKDEVVKRYLKMRQD,,28,[],Saccharomyces cerevisiae; Saccharomyces cerevisiae S288c,2.5,2014-11-21,diffraction,True
4jre_H,4jre,H,217,protein,"Immunoglobulin Gamma-2a, Heavy chain",QIQLVQSGPGLKKPGQTVKISCKASGYSFTDYGMNWVKQAPGKGLEWMGWINTSNGYTTYGAAFKGRFSFSVDNSASTAYLQLSNLKTADTAVYFCARSWYNRAMDYWGQGTSVTVSSAKTTAPSVYPLAPVCGDTTGSSVTLGCLVKGYFPEPVTLTWNSGSLSSGVHTFPAVLQSDLYTLSSSVTVTSSTWPSQSITCNVAHPASSTKVDKKIEP,,6,[],Escherichia coli; Mus musculus,2.8,2013-03-21,diffraction,True
8gh4_L,8gh4,L,214,protein,Antibody light chain,DIQMTQSPSSLSASVGDRVTITCRASQSISSYLNWYQQKPGKAPKLLIYAASSLQSGVPSRFSGSGSGTDFTLTISSLQPEDVGVYYCMEGLKTPFTFGPGTKLEIKRTVAAPSVFIFPPSDEQLKSGTASVVCLLNNFYPREAKVQWKVDNALQSGNSQESVTEQDSKDSTYSLSSTLTLSKADYEKHKVYACEVTHQGLSSPVTKSFNRGEC,,3,[],Bos taurus; Homo sapiens,3.8,2023-03-09,diffraction,True
3qrb_B,3qrb,B,213,protein,Cadherin-1,DWVIAAISCPENEKGEFPKNLVQIKSNRDKETKVFYSITGQGADKPPVGVFIIERETGWLKVTQPLDREAIAKYILYSHAVSSNGEAVEDPMEIVITVTDQNDNRPEFTQEVFEGSVAEGAVPGTSVMKVSATDADDDVNTYNAAIAYTIVSQDPELPHKNMFTVNRDTGVISVLTSGLDRESYPTYTLVVQAADLQGEGLSTTAKAVITVKD,,2,[],Mus musculus,1.8,2011-02-17,diffraction,True
3m65_B,3m65,B,209,protein,ATP-dependent protease La 1,MAEELKRSIPLLPLRGLLVYPTMVLHLDVGRDKSVQALEQAMMHDHMIFLATQQDISIDEPGEDEIFTVGTYTKIKQMLKLPNGTIRVLVEGLKRAHIVKYNEHEDYTSVDIQLIHEDDSKDTEDEALMRTLLDHFDQYIKISKKISAETYAAVTDIEEPGRMADIVASHLPLKLKDKQDILETADVKDRLNKVIDFINNEKEVLEIEK,,2,[],Bacillus subtilis,2.6,2010-03-15,diffraction,True
2f7s_A,2f7s,A,217,protein,Ras-related protein Rab-27B,MGSSHHHHHHSSGLVPRGSGDYDYLIKLLALGDSGVGKTTFLYRYTDNKFNPKFITTVGIDFREKRVVYNAQGPNGSSGKAFKVHLQLWDTAGQERFRSLTTAFFRDAMGFLLMFDLTSQQSFLNVRNWMSQLQANAYCENPDIVLIGNKADLPDQREVNERQARELADKYGIPYFETSAATGQNVEKAVETLLDLIMKRMEQCVEKTQIPDTVNGG,,2,[],Homo sapiens,2.7,2005-12-01,diffraction,True
4l0u_H,4l0u,H,213,protein,"2-Cys peroxiredoxin, putative",MGSSHHHHHHSSGLVPRGSPTYVGKEAPFFKAEAVFGDNSFGEVNLTQFIGKKYVLLYFYPLDFTFVCPSEIIALDKALDAFHERNVELLGCSVDSKYTHLAWKKTPLAKGGIGNIKHTLLSDITKSISKDYNVLFDDSVSLRAFVLIDMNGIVQHLLVNNLAIGRSVDEILRIIDAIQHHEKYGDVCPANWQKGKVSMKPSEEGVAQYLSTL,,10,[],Plasmodium vivax Sal-1,2.5,2013-06-01,diffraction,True
5gzz_C,5gzz,C,218,protein,Glutathione S-transferase class-mu 26 kDa isozyme,MSPILGYWKIKGLVQPTRLLLEYLEEKYEEHLYERDEGDKWRNKKFELGLEFPNLPYYIDGDVKLTQSMAIIRYIADKHNMLGGCPKERAEISMLEGAVLDIRYGVSRIAYSKDFETLKVDFLSKLPEMLKMFEDRLCHKTYLNGDHVTHPDFMLYDALDVVLYMDPMCLDAFPKLVCFKKRIEAIPQIDKYLKSSKYIAWPLQGWQATFGGGDHPPK,,7,[],Arabidopsis thaliana; Schistosoma japonicum,2.386,2016-10-02,diffraction,True
9qrs_A,9qrs,A,204,protein,LysM type receptor kinase,SKCTHGCALAQASYYLLNGSNLTYISEIMQSSLLTKPEDIVSYNQDTIASKDSVQAGQRINVPFPCDCIEGEFLGHTFQYDVQKGDRYDTIAGTNYANLTTVEWLRRFNSYPPDNIPDTGTLNVTVNCSCGDSGVGDYGLFVTYPLRPGETLGSVASNVKLDSALLQKYNPNVNFNQGSGIVYIPAKDQNGSYVLLGSHHHHHH,,2,[],Lotus japonicus,1.87,2025-04-04,diffraction,True
3uls_L,3uls,L,213,protein,Fab12 light chain,QSVLTQPPSVSVAPGQTARISCSGDNIGSYYVHWYQQKPGQAPVLVIYEDSERPSGIPERFSGSNSGNTATLTISGTQAEDEADYYCSSYDDPNFQVFGGGTKLTVLGQPKAAPSVTLFPPSSEELQANKATLVCLISDFYPGAVTVAWKADSSPVKAGVETTTPSKQSNNKYAASSYLSLTPEQWKSHRSYSCQVTHEGSTVEKTVAPTECS,,4,[],Homo sapiens,2.495,2011-11-11,diffraction,True
7d6c_2,7d6c,2,218,protein,Carbon dioxide concentrating mechanism protein CcmM,MDYKDDDDKMPSPTTVPVATAGRLAEPYIDPAAQVHAIASIIGDVRIAAGVRVAAGVSIRADEGAPFQVGKESILQEGAVIHGLEYGRVLGDDQADYSVWIGQRVAITHKALIHGPAYLGDDCFVGFRSTVFNARVGAGSVIMMHALVQDVEIPPGRYVPSGAIITTQQQADRLPEVRPEDREFARHIIGSPPVIVRSTPAATADFHSTPTPSPLRPS,,6,[],Synechococcus elongatus (strain PCC 7942 / FACHB-805),2.89,2020-09-30,diffraction,True
4gay_L,4gay,L,218,protein,NEUTRALIZING ANTIBODY AP33 LIGHT CHAIN,NIVLTQSPVSLAVSLGQRATISCRASESVDGYGNSFLHWFQQKPGQPPKLLIYLASNLNSGVPARFSGSGSRTDFTLTIDPVEADDAATYYCQQNNVDPWTFGGGTKLEIKRADAAPTVSIFPPSSEQLTSGGASVVCFLNNFYPKDINVKWKIDGSERQNGVLNSWTDQDSKDSTYSMSSTLTLTKDEYERHNSYTCEATHKTSTSPIVKSFNRNEC,,4,[],Mus musculus,2.65,2012-07-26,diffraction,True
5xrz_F,5xrz,F,215,protein,DNA repair protein RAD52 homolog,GSHMSGTEEAILGGRDSHPAAGGGSVLCFGQCQYTAEEYQAIQKALRQRLGPEYISSRMAGGGQKVCYIEGHRVINLANEMFGYNGWAHSITQQNVDFVDLNNGAFYVGVCAFVRVQLKDGSYHEDVGYGVSEGLASKALSLEKARKEAVTDGLKRALRSFGNALGNCILDKDYLRSLNKLPRQLPLEVDLTKAKRQDLEPSVEEARYNSCRPNM,,12,[],Homo sapiens; SYNTHETIC CONSTRUCT,3.6,2017-06-11,diffraction,True
3mxo_B,3mxo,B,202,protein,"Serine/threonine-protein phosphatase PGAM5, mitochondrial",SMDHYKAKATRHIFLIRHSQYHVDGSLEKDRTLTPLGREQAELTGLRLASLGLKFNKIVHSSMTRAIETTDIISRHLPGVCKVSTDLLREGAPIEPDPPVSHWKPEAVQYYEDGARIEAAFRNYIHRADARQEEDSYEIFICHANVIRYIVCRALQFPPEGWLRLSLNNGSITHLVIRPNGRVALRTLGDTGFMPPDKITRS,,2,[],Homo sapiens,1.7,2010-05-07,diffraction,True
4u2x_A,4u2x,A,216,protein,Membrane-associated protein VP24,DLEKGVVLSDLCNFLVSQTIQGWKVYWAGIEFDVTHKGMALLHRLKTNDFAPAWSMTRNLFPHLFQNPNSTIESPLWALRVILAAGIQDQLIDQSLIEPLAGALGLISDWLLTTNTNHFNMRTQRVKEQLSLKMLSLIRSNILKFINKLDALHVVNYNGLLSSIEIGTQNHTIIITRTNMGFLVELQEPDKSAMNRMKPGPAKFSLLHESTLKAFT,,6,[],Homo sapiens; Zaire ebolavirus,3.153,2014-07-18,diffraction,True
2itc_B,2itc,B,212,protein,Antibody Fab fragment light chain,DILLTQSPAILSVSPGERVSFSCRASQSIGTDIHWYQQRTNGSPRLLIKYASESISGIPSRFSGSGSGTDFTLSINSVESEDIANYYCQQSNRWPFTFGSGTKLEIKRADAAPTVSIFPPSSEQLTSGGASVVCFLNNFYPKDINVKWKIDGSERQNGVLNSWTDQDSKDSTYSMSSTLTLTKDEYERHNSYTCEATHKTSTSPIVKSFNRN,,3,[],Mus musculus; Streptomyces lividans,3.2,2006-10-19,diffraction,True
6aki_D,6aki,D,210,protein,Calcium release-activated calcium channel protein 1,SMSQSGEDLHSPTYLSWRKLQLSRAKLKASSKTSALLSGFAMVAMVEVQLDHDTNVPPGMLIAFAICTTLLVAVHMLALMISTCILPNIETVSNLHSISLVHESPHERLHWYIETAWAFSTLLGLILFLLEIAILCWVKFYDLSPPAAWSATVVLILVMIIFMAFAIHFYRSLVSHKYEVTVSGIRELEMLKEQMEQDHLEHHNNIRNNG,,12,[],Drosophila melanogaster,4.496,2018-09-01,diffraction,True
2jas_B,2jas,B,206,protein,DEOXYGUANOSINE KINASE,HMKIAIFGTVGAGKSTISAEISKKLGYEIFKEPVEENPYFEQYYKDLKKTVFKMQIYMLTARSKQLKQAKNLENIIFDRTLLEDPIFMKVNYDLNNVDQTDYNTYIDFYNNVVLENLKIPENKLSFDIVIYLRVSTKTAISRIKKRGRSEELLIGEEYWETLNKNYEEFYKQNVYDFPFFVVDAELDVKTQIELIMNKLNSIKNPN,,6,[],MYCOPLASMA MYCOIDES SUBSP. MYCOIDES SC,2.7,2006-11-30,diffraction,True
5c8j_B,5c8j,B,215,protein,"Antibody fragment, light chain",SDIQMTQSPSSLSASVGDRVTITCRASQSVSSAVAWYQQKPGKAPKLLIYSASSLYSGVPSRFSGSRSGTDFTLTISSLQPEDFATYYCQQSSSRPVTFGQGTKVEIKRTVAAPSVFIFPPSDSQLKSGTASVVCLLNNFYPREAKVQWKVDNALQSGNSQESVTEQDSKDSTYSLSSTLTLSKADYEKHKVYACEVTHQGLSSPVTKSFNRGEC,,12,[],Homo sapiens; Methanocaldococcus jannaschii (strain ATCC 43067 / DSM 2661 / JAL-1 / JCM 10045 / NBRC 100440),3.502,2015-06-25,diffraction,True
5das_C,5das,C,201,protein,Nicotinate-nucleotide adenylyltransferase,GAMGRRLGVMGGTFDPIHYGHLVAASEVADLFDLDEVVFVPSGQPWQKGRQVSAAEHRYLMTVIATASNPRFSVSRVDIDRGGPTYTKDTLADLHALHPDSELYFTTGADALASIMSWQGWEELFELARFVGVSRPGYELRNEHITSLLGQLAKDALTLVEIPALAISSTDCRQRAEQSRPLWYLMPDGVVQYVSKRRLYT,,4,[],Mycobacterium tuberculosis,2.2,2015-08-20,diffraction,True
3fd3_A,3fd3,A,208,protein,chromosome replication initiation inhibitor protein,RVTLNIATNADSLGTWFLDAVSKFTGGSDYLVNIAVDDQDHTVEWLRGGRVLAAVTAHDKPVQGCRVTPLGVLRYHATASPDFMARHFADGVTPAALARAPGLTFNQKDRLQASWIRTALGEDVSYPTHWLPSTDGFVKASLAGMGWGLNPVQLVAEHLAAGRLVELMPGTPLDIPLYWQVNRLAAERLAGLTANMVGTARVVLMPVG,,1,[],Agrobacterium tumefaciens str.,1.7,2008-11-24,diffraction,True
3o1t_A,3o1t,A,206,protein,Alpha-ketoglutarate-dependent dioxygenase AlkB,MQEPLAAGAVILRRFAFNAAEQLIRDINDVASQSPFRQMVTPGGYTMSVAMTNCGHLGWTTHRQGYLYSPIDPQTNKPWPAMPQSFHNLCQRAATAAGYPDFQPDACLINRYAPGAKLCLHQDKDEPDLRAPIVSVSLGLPAIFQFGGLKRNDPLKRLLLEHGDVVVWGGESRLFYHGIQPLKAGFHPLTIDCRYNLTFRQAGKKE,,3,[],Escherichia coli; SYNTHETIC CONSTRUCT,1.48,2010-07-22,diffraction,True
9qbe_W,9qbe,W,205,protein,Proteasome subunit beta type-3,MSDPSSINGGIVVAMTGKDCVAIACDLRLGSQSLGVSNKFEKIFHYGHVFLGITGLATDVTTLNEMFRYKTNLYKLKEERAIEPETFTQLVSSSLYERRFGPYFVGPVVAGINSKSGKPFIAGFDLIGCIDEAKDFIVSGTASDQLFGMCESLYEPNLEPEDLFETISQALLNAADRDALSGWGAVVYIIKKDEVVKRYLKMRQD,,34,[],Saccharomyces cerevisiae; SYNTHETIC CONSTRUCT,2.8,2025-03-02,diffraction,True
3hb7_F,3hb7,F,204,protein,Isochorismatase hydrolase,YFQGMAKHAILVIDMLNDFVGEKAPLRCPGGETIIPDLQKIFEWVRGREGDDIHLVHIQEAHRKNDADFRVRPLHAVKGTWGSDFIPELYPQEDEYIVQKRRHSGFAHTDLDLYLKEEGIDTVVLTGVWTNVCVRSTATDALANAYKVITLSDGTASKTEEMHEYGLNDLSIFTKVMTVDQYIQAWENDEDPWVGGGDAQNKVK,,8,[],Alkaliphilus metalliredigens,2.3,2009-05-04,diffraction,True
7kgu_A,7kgu,A,214,protein,"Light Chain, Fab fragment, IGG",DIQMTQSPSSLSASVGDRVTITCRASQDVNTAVAWYQQKPGKAPKLLIYSASFLYSGVPSRFSGSRSGTDFTLTISSLQPEDFATYYCQQVYSSPFTFGQGTKVEIKRTVAAPSVFIFPPSDEQLKSGTASVVCLLNNFYPREAKVQWKVDNALQSGNSQESVTEQDSKDSTYSLSSTLTLSKADYEKHKVYACEVTHQGLSSPVTKSFNRGEC,,8,[],Homo sapiens,2.4,2020-10-18,diffraction,True
7xyq_A,7xyq,A,207,protein,CD274 molecule,FTVTVPKDLYVVEYGSNMTIECKFPVEKQLDLAALIVYWEMEDKNIIQFVHGEEDLKVQHSSYRQRARLLKDQLSLGNAALQITDVKLQDAGVYRCMISYGGADYKRITVKVNAPYNKINQRILVVDPVTSEHELTCQAEGYPKAEVIWTSSDHQVLSGKTTTTNSKREEKLFNVTSTLRINTTTNEIFYCTFRRLDPEENHTAELV,,2,[],Homo sapiens; synthetic construct,2.85,2022-06-02,diffraction,True
4w5j_D,4w5j,D,217,protein,Adenylate kinase,GAMGSMNLLIMGLPGAGKGTQAAKIVEQFHVAHISTGDMFRAAMANQTEMGVLAKSYIDKGELVPDEVTNGIVKERLSQDDIKETGFLLDGYPRTIEQAHALDKTLAELGIELEGIINIEVNPDSLLERLSGRIIHRVTGETFHKVFNPPVDYKEEDYYQREDDKPETVKRRLDVNIAQGEPIIAHYRAKGLVHDIEGNQDINDVFSDIEKVLTNLK,,4,[],Streptococcus pneumoniae D39,1.65,2014-08-18,diffraction,True
3su4_B,3su4,B,203,protein,"NS3 protease,NS4A protein",GSHMASMKKKGSVVIVGRINLSGDTAYAQQTRGEEGCQETSQTGRDKNQVEGEVQIVSTATQTFLATSINGVLWTVYHGAGTRTIASPKGPVTQMYTNVDKDLVGWQAPQGSRSLTPCTCGSSDLYLVTRHADVIPVRRRGDSRGSLLSPRPISYLKGSAGGPLLCPAGHAVGIFKAAVSTRGVAKAVDFIPVESLETTMRSP,,2,[],Hepatitis C virus; Hepatitis C virus subtype 1a,2.255,2011-07-11,diffraction,True
4ek0_A,4ek0,A,207,protein,Thaumatin-1,ATFEIVNRCSYTVWAAASKGDAALDAGGRQLNSGESWTINVEPGTKGGKIWARTDCYFDDSGSGICKTGDCGGLLRCKRFGRPPTTLAEFSLNQYGKDYIDISNIKGFNVPMDFSPTTRGCRGVRCAADIVGQCPAKLKAPGGGCNDACTVFQTSEYCCTTGKCGPTEYSRFFKRLCPDAFSYVLDKPTTVTCPGSSNYRVTFCPTA,,1,[],Thaumatococcus daniellii,1.52,2012-04-08,diffraction,True
7ssm_A,7ssm,A,210,protein,Stimulator of interferon genes protein,MGSSHHHHHHSSGETVRFQGHMSVAHGLAWSYYIGYLRLILPELQARIRTYNQHYNNLLRGAVSQRLYILLPLDCGVPDNLSMADPNIRFLDKLPQQTGDRAGIKDRVYSNSIYELLENGQRAGTCVLEYATPLQTLFAMSQYSQAGFSREDRLEQAKLFCRTLEDILADAPESQNNCRLIAYQEPADDSSFSLSQEVLRHLRQEEKEEV,,1,[],Homo sapiens,1.96,2021-11-11,diffraction,True
8ed1_L,8ed1,L,216,protein,5C1 Fab light chain,QAVLNQPSSVSGSLGQRVSITCSGSSSNVGNGYVSWYQLIPGSAPRTLIYGDTSRASGVPDRFSGSRSGNTATLTISSLQAEDEADYFCASAEDSSSNAVFGSGTTLTVLGQPKAAPSVTLFPPSSEELQANKATLVCLISDFYPGAVTVAWKADSSPVKAGVETTTPSKQSNNKYAASSYLSLTPEQWKSHRSYSCQVTHEGSTVEKTVAPTECS,,2,[],Bos taurus; Homo sapiens,2.31,2022-09-02,diffraction,True
6azz_B,6azz,B,215,protein,"1190 antibody, light chain",SYVLTQPPSVSVAPGQTARITCGGSNIGSKSVHWYQQKPGQTPMLVIYYDYDRPSGIPERFSGSNSGSTATLTISRVEAGDEADYYCQVWDSSSDHVWVFGGGTTLTVLGQPKAAPSVTLFPPSSEELQANKATLVCLISDFYPGAVTVAWKADSSPVKAGVETTTPSKQSNNKYAASSYLSLTPEQWKSHRSYSCQVTHEGSTVEKTVAPTECS,,6,[],Homo sapiens; Plasmodium falciparum,2.4,2017-09-13,diffraction,True
2vwe_C,2vwe,C,214,protein,ANTI-VEGF-B MONOCLONAL ANTIBODY,EIQMTQTTSSLSASLGDRVTISCRASQDISNFLNWYQQKPDGTVKLLIYYTSTLHSGVPSRFSGSGSGTDYSLTISNLEQEDIATYFCQQGKTLPPTFGGGTKLEIKRADAAPTVSIFPPSSEQLTSGGASVVCFLNNFYPKEINVKWKIDGSERQNGVLDSWTEQDSKDSTYSMSSTLTLTKDEYERHNSYTCEATHKTSTSPIVKSFNRNEC,,6,[],HOMO SAPIENS; MUS MUSCULUS,3.4,2008-06-23,diffraction,True
6px6_D,6px6,D,217,protein,"T-cell receptor, T1005.2.56, alpha chain,Human nkt tcr alpha chain",MKQEVTQIPAALSVPEGENLVLNCSFTDSAIYNLQWFRQDPGKGLTSLLLIQSSQREQTSGRLNASLDKSSGRSTLYIAASQPGDSATYLCAVHTGARLMFGDGTQLVVKPNIQNPDPAVYQLRDSKSSDKSVCLFTDFDSQTNVSQSKDSDVYITDKCVLDMRSMDFKSNSAVAWSNKSDFACANAFNNSIIPEDTFFPSPESSKLAAALEHHHHH,,5,[],Homo sapiens; SYNTHETIC CONSTRUCT,3.0,2019-07-24,diffraction,True
8rp8_B,8rp8,B,215,protein,K2 Fab light chain,DIQMTQSPSSLSASVGDRVTITCRASQSISSYLNWYQQKPGKAPKLLIYAASSLQSGVPSRFSGSGSGTDFTLTISSLQPEDFATYYCQQMHPRAPKTFGQGTKVEIKRTVAAPSVFIFPPSDEQLKSGTASVVCLLNNFYPREAKVQWKVDNALQSGNSQESVTEQDSKDSTYSLSSTLTLSKADYEKHKVYACEVTHQGLSSPVTKSFNRGEC,,6,[],Homo sapiens,2.0,2024-01-12,diffraction,True
7kf0_L,7kf0,L,218,protein,anti-VEGF-A Fab bH1 light chain,DIQMTQSPSSLSASVGDRVTITCRASQDIPRSISGYVAWYQQKPGKAPKLLIYWGSYLYSGVPSRFSGSGSGTDFTLTISSLQPEDFATYYCQQHYTTPPTFGQGTKVEIKRTVAAPSVFIFPPSDEQLKSGTASVVCLLNNFYPREAKVQWKVDNALQSGNSQESVTEQDSKDSTYSLSSTLTLSKADYEKHKVYACEVTHQGLSSPVTKSFNRGEC,,6,[],Homo sapiens,2.32,2020-10-13,diffraction,True
6v45_A,6v45,A,209,protein,Probable carnitine operon oxidoreductase caia,MAHHHHHHAEAQLDEAAANVQKVALASNAKANPDKPKKKTAARTNNTAKANKYSIDPKFRPQDVTFTGYKPGTIVIDPKKRFLYLVETSTTARRYGIAVGKQGLEFQGKATISAKREWPRWIPTKEMIERDPAHYGRFKNGMDGGPGNPLGSRAMYLFQGNKDTYIRIHGTVQPWTIGSSASNGCFRMINEDVMDLYDRVTLGTEVVVL,,1,[],Brucella melitensis biotype 1 (strain 16M / ATCC 23456 / NCTC 10094),2.6,2019-11-27,diffraction,True
5lf4_J,5lf4,J,201,protein,Proteasome subunit beta type-2,MEYLIGIQGPDYVLVASDRVAASNIVQMKDDHDKMFKMSEKILLLCVGEAGDTVQFAEYIQKNVQLYKMRNGYELSPTAAANFTRRNLADCLRSRTPYHVNLLLAGYDEHEGPALYYMDYLAALAKAPFAAHGYGAFLTLSILDRYYTPTISRERAVELLRKCLEELQKRFILNLPTFSVRIIDKNGIHDLDNISFPKQGS,,28,[],Homo sapiens,1.99,2016-06-30,diffraction,True
6cfd_I,6cfd,I,210,protein,ATP-dependent Clp protease proteolytic subunit,MNLIPTVIEQSSRGERAYDIYSRLLKDRIIMLSGQVTDDLANSIIAQLLFLDAQDSEKDIYLYINSPGGSVTAGMAIYDTMNFVKADVQTIVMGMAASMGSFLLTAGTKGKRFALPNAEIMIHQPLGGAQGQATEIEIAARHILQTRERLNKILAERTGQPLEVIEKDTDRDNYMTAEQAKAYGLIDEVMENSSSLKIEGRGLEHHHHHH,,14,[],Enterococcus faecium,2.57,2018-02-14,diffraction,True
6d0l_B,6d0l,B,207,protein,Tudor-interacting repair regulator protein,MVPELKQISRVEAMRLGPGWSHSCHAMLYAANPGQLFGRIPMRFSVLMQMRFDGLLGFPGGFVDRRFWSLEDGLNRVLGLGLGCLRLTEADYLSSHLTEGPHRVVAHLYARQLTLEQLHAVEISAVHSRDHGLEVLGLVRVPLYTQKDRVGGFPNFLSNAFVSTAKCQLLFALKVLNMMPEEKLVEALAAATEKQKKALEKLLPASS,,2,[],Homo sapiens,1.97,2018-04-10,diffraction,True
6q0o_B,6q0o,B,214,protein,H2227 Fab lambda chain,SELTQDPAVSVALGQTVRITCQGDSLRGYYASWHQQKPGQAPVLVIYGKNNRPSGIPDRFSGSRSGNTASLTITGAQAEDEADYYCASRDSSGNHPVVFGGGTKLTVLGQPKGAPSVTLFPPSSEELQANKATLVCLISDFYPGAVTVAWKADSSPVKAGVETTTPSKQSNNKYAASSYLSLTPEQWKSHRSYSCQVTHEGSTVEKTVAPTECS,,3,[],Homo sapiens; Influenza A virus,3.0,2019-08-02,diffraction,True
7m1m_G,7m1m,G,210,protein,ATP-dependent Clp protease proteolytic subunit,AGGLVPMVVEQSARGERAYDIYSRLLKERIIFLVGQVEDYMANLVVAQLLFLEAENPEKDIHLYINSPGGSVTAGMSIYDTMQFIKPNVSTTCIGQACSMGALLLAGGAAGKRYCLPHSRMMIHQPLGGFQGQASDIEIHAKEILFIKERLNQILAHHTGQPLDVIARDTDRDRFMSGDEAVKYGLIDKVMTQRDLAVSGSGSGHHHHHH,,14,[],Pseudomonas aeruginosa,2.6,2021-03-13,diffraction,True
2hcu_A,2hcu,A,213,protein,3-isopropylmalate dehydratase small subunit,GSHMASMTGGQQMGRGSMEEFTIYTGTTVPLMNDNIDTDQILPKQFLKLIDKKGFGKYLMYEWRYLDNNYTENPDFIFNQPEYREASILITGDNFGAGSSREHAAWALADYGFKVIVAGSFGDIHYNNDLNNGILPIIQPKEVRDKLAKLKPTDEVTVNLFEQKIYSPVGDFSFDIDGEWKHKLLNGLDDIGITLQYEDLIAQYEQNRPSYWH,,1,[],Streptococcus mutans,2.1,2006-06-19,diffraction,True
3e1z_B,3e1z,B,212,protein,Papain,IPEYVDWRQKGAVTPVKNQGSCGSCWAFSAVVTIEGIIKIRTGNLNEYSEQELLDCDRRSYGCNGGYPWSALQLVAQYGIHYRNTYPYEGVQRYCRSREKGPYAAKTDGVRQVQPYNEGALLYSIANQPVSVVLEAAGKDFQLYRGGIFVGPCGNKVDHAVAAVGYGPNYILIKNSWGTGWGENGYIRIKRGTGNSYGVCGLYTSSFYPVKN,,2,[],Carica papaya; Trypanosoma cruzi,1.86,2008-08-05,diffraction,True
7qce_B,7qce,B,209,protein,VIN3 (Protein VERNALIZATION INSENSITIVE 3),GPDSMPLKRKEEQVDTLICQNLACRATLSLEDGYCKRCSCCICHCYDENKDPSLWLVCNSDPPYLSNSCGMSCHLKCALKHETAGILKNGCYPKLDGSFYCVFCGKVNWLIGSWRKQLLIAKDARRVDVLCDRLSLSHKMLKGTEHYKDMQNIVNTAVKKLKKEVGPLDKVSAVMARGIVNRLNCGTEVQKLCVSAVEAADSMLSSSTD,,2,[],Phoenix dactylifera,2.1,2021-11-23,diffraction,True
4rur_Y,4rur,Y,212,protein,Proteasome subunit beta type-5,TTTLAFRFQGGIIVAVDSRATAGNWVASQTVKKVIEINPFLLGTMAGGAADCQFWETWLGSQCRLHELREKERISVAAASKILSNLVYQYKGAGLSMGTMICGYTRKEGPTIYYVDSDGTRLKGDIFCVGSGQTFAYGVLDSNYKWDLSVEDALYLGKRSILAAAHRDAYSGGSVNLYHVTEDGWIYHGNHDVGELFWKVKEEEGSFNNVIG,,28,[],Saccharomyces cerevisiae; Saccharomyces cerevisiae S288c,2.5,2014-11-21,diffraction,True
5mu2_P,5mu2,P,218,protein,ACC1 Fab fragment light chain,DIVLTQSPASLAVSLGQRATISCRASESVDNYGISSMNWFQQKAGQPPKFLIYAASKQGSGVPARFSGSGSGTDFSLIIHPVEEDDTAVYFCQQSKGVPYTFGGGTKLEIKRADAAPTVSIFPPSSEQLTSGGASVVCFLNNFYPKDINVKWKIDGSERQNGVLNSWTDQDSKDSTYSMSSTLTLTKDEYERHNSYTCEATHKTSTSPIVKSFNRNEC,,24,[],Mus musculus; SYNTHETIC CONSTRUCT,2.7,2017-01-12,diffraction,True
6z3d_F,6z3d,F,216,protein,Ferritin,MGSSHHHHHHSSGLVPRGSHMTSQIRQNYSTEVEAAVNRLVNLHLRASYTYLSLGFFFDRDDVALEGVGHFFRELAEEKREGAERLLEFQNDRGGRALFQDVQKPSQDEWGKTQEAMEAALAMEKNLNQALLDLHALGSARADPHLCDFLESHYLDKEVKLIKKMGNHLTNLRRVAGPQPAQTGAPQGSLGEYLFERLTLKHDGDIESAQSDEEVE,,6,[],Mus musculus,1.7,2020-05-20,diffraction,True
8yt5_A,8yt5,A,216,protein,bis(5'-nucleosyl)-tetraphosphatase (symmetrical),MSYQDYINCSREALLEKMAELLPEKRLTHCLGVERAAMELAQRFGVDVEKASLAGLLHDYAKKLSDQEFLVLIDRYQLDPDLKNWGNNVWHGMVGIYKIQEDLDLHDSEILRAIEIHTVGAGQMTDLDKVIYVADYIEHNRAFPGVDVAREIASLSLNKAVAYETARTVEYLAHQGFPIYPQTLETYNAFVHYLKEDLEENLYFQGHHHHHHHHHH,,1,[],Streptococcus pneumoniae TIGR4,1.6,2024-03-25,diffraction,True
4qz7_W,4qz7,W,205,protein,Proteasome subunit beta type-3,MSDPSSINGGIVVAMTGKDCVAIACDLRLGSQSLGVSNKFEKIFHYGHVFLGITGLATDVTTLNEMFRYKTNLYKLKEERAIEPETFTQLVSSSLYERRFGPYFVGPVVAGINSKSGKPFIAGFDLIGCIDEAKDFIVSGTASDQLFGMCESLYEPNLEPEDLFETISQALLNAADRDALSGWGAVVYIIKKDEVVKRYLKMRQD,,28,[],Saccharomyces cerevisiae,2.8,2014-07-27,diffraction,True
2vzk_D,2vzk,D,213,protein,GLUTAMATE N-ACETYLTRANSFERASE 2 BETA CHAIN,TLLTFFATDARLDPAEQDRLFRRVMDRTFNAVSIDTDTSTSDTAVLFANGLAGEVDAGEFEEALHTAALALVKDIASDGEGAAKLIEVQVTGARDDAQAKRVGKTVVNSPLVKTAVHGCDPNWGRVAMAIGKCSDDTDIDQERVTIRFGEVEVYPPKARGDQADDALRAAVAEHLRGDEVVIGIDLAIADGAFTVYGCDLTEGYVRLNSEYTT,,8,[],STREPTOMYCES CLAVULIGERUS,2.33,2008-08-01,diffraction,True
5ye4_C,5ye4,C,211,protein,1A9D7 VH CH1 chain,QIQLVQSGPELKKPGETVKISCKASGYTFTDYSMHWVKQAPGKGLKWMGWINTETGEPTYADDFKGRFAFSLETSATTAYLQINNLKNEDTATYFCGRDYWGQGTTLTVSSAKTTPPSVYPLAPGCGDTTGSSVTLGCLVKGYFPESVTVTWNSGSLSSSVHTFPALLQSGLYTMSSSVTVPSSTWPSQTVTCSVAHPASSTTVDKKLEPS,,6,[],Mus musculus; SYNTHETIC CONSTRUCT,1.799,2017-09-15,diffraction,True
8bs7_A,8bs7,A,217,protein,Phosphoprotein,MHHHHHHHHENLYFQGMATRPSSLVDSLEDEEDPQTLRRERPGSPRPRKVPRNALTQPVDQLLKDLRKNPSMISDPDQRTGREQLSNDELIKKLVTELAENSMIEAEEVRGTLGDISARIEAGFESLSALQVETIQTAQRCDHSDSIRILGENIKILDRSMKTMMETMKLMMEKVDLLYASTAVGTSAPMLPSHPAPPRIYPQLPSAPTTDEWDIIP,,8,[],Borna disease virus 1,3.2,2022-11-24,diffraction,True
3g7j_B,3g7j,B,219,protein,Glutathione transferase GST1-4,MDFYYLPGSAPCRAVQMTAAAVGVELNLKLTNLMAGEHMKPEFLKLNPQHCIPTLVDEDGFVLWESRAIQIYLVEKYGAHDADLAERLYPSDPRRRAVVHQRLFFDVAVLYQRFAEYYEPQIFGQKVPVGDPGRLRSMEQALEFLNTFLEGEQYVAGGDDPTIADLSILATIATYEVAGYDLRRYENVQRWYERTSAIVPGADKNVEGAKVFGRYFTQK,,2,[],Anopheles dirus,2.2,2009-02-10,diffraction,True
4zgd_C,4zgd,C,206,protein,Nitrile hydratase alpha subunit,TDNAVMEQRVDALFVLTKELGLVTDQTVPDYEDALMHDWLPQNGAKLVAKAWTDPVFKAQLLSEGVAASESLGFSFPKHHKHFVVLENTPELHNVICCSLCSCTAFTIIGMAPDWYKELEYRARIVRQARTVLKEIGLDLPESIDIRVWDTTADTAYMVLPLRPQGTEDWSEAQLATLITQDCLIGVSRLEAPFAALPAPAVALGA,,16,[],Comamonas testosteroni,2.25,2015-04-22,diffraction,True
4xcs_B,4xcs,B,219,protein,Peroxiredoxin-1,MGSSHHHHHHSSGLVPRGSHMSSGNAKIGHPAPNFKATAVMPDGQFKDISLSDYKGKYVVFFFYPLDFTFVCPTEIIAFSDRAEEFKKLNCQVIGASVDSHFSHLAWVNTPKKQGGLGPMNIPLVSDPKRTIAQDYGVLKADEGISFRGLFIIDDKGILRQITVNDLPVGRSVDETLRLVQAFQFTDKHGEVCPAGWKPGSDTIKPDVQKSKEYFSKQK,,6,[],Homo sapiens,2.1,2014-12-18,diffraction,True
6vrm_D,6vrm,D,205,protein,"T-cell receptor 12-6, alfa chain",MRKEVEQDPGPFNVPEGATVAFNCTYSNSASQSFFWYRQDCRKEPKLLMSVYSSGNEDGRFTAQLNRASQYISLLIRDSKLSDSATYLCVVQPGGYQKVTFGTGTKLQVIPNIQNPDPAVYQLRDSKSSDKSVCLFTDFDSQTNVSQSKDSDVYITDKCVLDMRSMDFKSNSAVAWSNKSDFACANAFNNSIIPEDTFFPSPESS,,5,[],Homo sapiens,2.61,2020-02-08,diffraction,True
7zfa_T,7zfa,T,216,protein,COVOX-150 light chain,EIVMTQSPSSLSASVGDRVTITCRASQGISSYLAWYQQKPGKAPKLLIYAASTLQSGVPSRFSGSGSGTDFTLTISSLQPEDFATYYCQQLDSYPPGYTFGQGTKVDIKRTVAAPSVFIFPPSDEQLKSGTASVVCLLNNFYPREAKVQWKVDNALQSGNSQESVTEQDSKDSTYSLSSTLTLSKADYEKHKVYACEVTHQGLSSPVTKSFNRGEC,,20,[],Homo sapiens; Severe acute respiratory syndrome coronavirus 2,4.24,2022-04-01,diffraction,True
6o42_L,6o42,L,215,protein,PGZL1_gVmDmJ light chain,EIVLTQSPGTLSLSPGERATLSCRASQSVSSSYLAWYQQKPGQAPRLLIYGASSRATGIPDRFSGSGSGTDFTLTISRLEPEDFAVYYCQQYGTSQSTFGQGTRLEIKRTVAAPSVFIFPPSDEQLKSGTASVVCLLNNFYPREAKVQWKVDNALQSGNSQESVTEQDSKDSTYSLSSTLTLSKADYEKHKVYACEVTHQGLSSPVTKSFNRGEC,,6,[],Homo sapiens; SYNTHETIC CONSTRUCT,2.6,2019-02-27,diffraction,True
6bga_A,6bga,A,204,protein,"H-2 class II histocompatibility antigen, E-K alpha chain",ADPIKEEHTIIQAEFYLLPDKRGEFMFDFDGDEIFHVDIEKSETIWRLEEFAKFASFEAQGALANIAVDKANLDVMKERSNNTPDANVAPEVTVLSRSPVNLGEPNILICFIDKFSPPVVNVTWLRNGRPVTEGVSETVFLPRDDHLFRKFHYLTFLPSTDDFYDCEVDHWGLEEPLRKHWEFEEKTLLPETKESRGGLEVLFQ,,5,[],Mus musculus; synthetic construct,2.307,2017-10-27,diffraction,True
3bbd_B,3bbd,B,205,protein,Ribosome biogenesis protein NEP1-like,MTYNIILAKSALELIPEEIKNKIRKSRVYKYDILDSNYHYKAMEKLKDKEMRGRPDIIHISLLNILDSPINHEKKLNIYIHTYDDKVLKINPETRLPRNYFRFLGVMEKVLKGERNHLIKMEEKTLEDLLNEINAKKIAIMTKTGKLTHPKLLKEYDTFIIGGFPYGKLKINKEKVFGDIKEISIYNKGLMAWTVCGIICYSLSF,,2,[],Methanocaldococcus jannaschii,2.15,2007-11-09,diffraction,True
5xs0_V,5xs0,V,215,protein,DNA repair protein RAD52 homolog,GSHMSGTEEAILGGRDSHPAAGGGSVLCFGQCQYTAEEYQAIQKALRQRLGPEYISSRMAGGGQKVCYIEGHRVINLANEMFGYNGWAHSITQQNVDFVDLNNGKFYVGVCAFVRVQLKDGSYHEDVGYGVSEGLKSKALSLEKARKEAVTDGLKRALRSFGNALGNCILDKDYLRSLNKLPRQLPLEVDLTKAKRQDLEPSVEEARYNSCRPNM,,26,[],Homo sapiens; SYNTHETIC CONSTRUCT,3.0,2017-06-11,diffraction,True
5lfl_A,5lfl,A,202,protein,Magnetosome protein MamA,MAMGDKAKLFRNISQRCLRRGSPEEALRFLKEWARHEKNDPEPLYQMGIALANLGDYQRAVTVFDKVLKLRPNHFMASYRKGAVLLKIKQYKLALPVLEAVVAAAPADARAYYLLGLAYDGDEQLEKGIEAMQKAVDLDPEEIKYHQHLGFMNVRKDDHKTAAEHFTKVMELERSQDSDEEELALVPRGSSAHHHHHHHHHH,,6,[],Desulfovibrio magneticus (strain ATCC 700980 / DSM 13731 / RS-1),3.37,2016-07-03,diffraction,True
1psk_H,1psk,H,209,protein,ANTIBODY,EVQLQQSGPELVKPGASVKISCKTSGYTFTKYTMHWVKQSHGKSLEWIGDINPNNGGTNYNQKFKGTATLTVHKSSTTAYMELRSLTSEDSAVYYCTSKSFDYWGQGTTLTVSSAKTTAPSVYPLAPVCGDTTGSAVTLGCLVKGYFPEPVTLTWNSGSLSSGVHTFPAVLQSDLYTLSSSVTVTSSTWPSQSITCNVAHPASSTKVDK,,2,[],Mus musculus,2.8,1997-03-03,diffraction,True
3tyt_A,3tyt,A,205,protein,Heterogeneous nuclear ribonucleoprotein L,GADSPVLMVYGLDQSKMNCDRVFNVFCLYGNVEKVKFMKSKPGAAMVEMADGYAVDRAITHLNNNFMFGQKMNVCVSKQPAIMPGQSYGLEDGSCSYKDFSESRNNRFSTPEQAAKNRIQHPSNVLHFFNAPLEVTEENFFEICDELGVKRPTSVKVFSGKSERSSSGLLEWDSKSDALETLGFLNHYQMKNPNGPYPYTLKLCF,,1,[],Mus musculus,1.6,2011-09-26,diffraction,True
6vl8_D,6vl8,D,219,protein,6-3 Fab light chain,NIMMTQSPSSLAVSAGEKVTVNCKSSQSVLYSSNQMNYLAWYQQKPGQSPKLLIYWASTRESGVPDRFTGSGSGTDFTLTISSVQTEDLAVYYCLQYLSSWTFGGGTKLEIKRTVAAPSVFIFPPSDEQLKSGTASVVCLLNNFYPREAKVQWKVDNALQSGNSQESVTEQDSKDSTYSLSSTLTLSKADYEKHKVYACEVTHQGLSSPVTKSFNRGEC,,8,[],Mus musculus,2.42,2020-01-23,diffraction,True
7qt2_D,7qt2,D,214,protein,Antibody light chain,DIVMTQSQKFMSTSVGDRVSVTCKASQNVGTNVAWYQQKPGQSPKALIYSASYRYSGVPDRFTGSGSGTDFTLTISDVQSEDLTEYFCEQYNSYPYTFGGGTKLEIKRADAAPTVSIFPPSSEQLTSGGASVVCFLNNFYPKDINVKWKIDGSERQNGVLNSWTDQDSKDSTYSMSSTLTLTKDEYERHNSYTCEATHKTSTSPIVKSFNRNEC,,4,[],Mus musculus,1.92,2022-01-14,diffraction,True
1m6d_B,1m6d,B,214,protein,Cathepsin F,APPEWDWRSKGAVTKVKDQGMCGSCWAFSVTGNVEGQWFLNQGTLLSLSEQELLDCDKMDKACMGGLPSNAYSAIKNLGGLETEDDYSYQGHMQSCQFSAEKAKVYIQDSVELSQNEQKLAAWLAKRGPISVAINAFGMQFYRHGISRPLRPLCSPWLIDHAVLLVGYGQRSDVPFWAIKNSWGTDWGEKGYYYLHRGSGACGVNTMASSAVVD,,2,[],Homo sapiens,1.7,2002-07-15,diffraction,True
5a5k_U,5a5k,U,212,protein,GLUTATHIONE S-TRANSFERASE F2,MAGIKVFGHPASIATRRVLIALHEKNLDFELVHVELKDGEHKKEPFLSRNPFGQVPAFEDGDLKLFESRAITQYIAHRYENQGTNLLQTDSKNISQYAIMAIGMQVEDHQFDPVASKLAFEQIFKSIYGLTTDEAVVAEEEAKLAKVLDVYEARLKEFKYLAGETFTLTDLHHIPAIQYLLGTPTKKLFTERPRVNEWVAEITKRPASEKVQ,,24,[],ARABIDOPSIS THALIANA,2.77,2015-06-18,diffraction,True
4rd9_A,4rd9,A,203,protein,Amyloid-like protein 1,DGVDIYFGMPGEISEHEGFLRAKMDLEERRMRQINEVMREWAMADNQSKNLPKADRQALNEHFQSILQTLEEQVSGERQRLVETHATRVIALINDQRRAALEGFLAALQADPPQAERVLLALRRYLRAEQKEQRHTLRHYQHVAAVDPEKAQQMRFQVHTHLQVIEERVNQSLGLLDQNPHLAQELRPQIQELLHSEHLGPSE,,2,[],Homo sapiens,2.6,2014-09-18,diffraction,True
2zo0_B,2zo0,B,212,protein,E3 ubiquitin-protein ligase UHRF1,HMPANHFGPIPGVPVGTMWRFRVQVSESGVHRPHVAGIHGRSNDGAYSLVLAGGYEDDVDNGNYFTYTGSGGRDLSGNKRTAGQSSDQKLTNNNRALALNCHSPINEKGAEAEDWRQGKPVRVVRNMKGGKHSKYAPAEGNRYDGIYKVVKYWPERGKSGFLVWRYLLRRDDTEPEPWTREGKDRTRQLGLTMQYPEGYLEALANKEKSRKR,,3,[],Mus musculus; SYNTHETIC CONSTRUCT,2.19,2008-05-05,diffraction,True
4jgr_A,4jgr,A,217,protein,Sporulation kinase D,SNAEKEKDTIAAEHKQEASVLLNLHRNKINYLIGETMARMTSLSIAIDRPVDIKKMQSILEKTFDSEPRFSGLYFLNAKGDVTASTTELKTKVNLADASFFIKAKETKKTVISDSYSSRITGQPIFTICVPVLDSKRNVTDYLVAAIQIDYLKNLINLLSPDVYIEVVNQDGKMIFASGQASHAEDQKPVSGYLDDISWNMKVYPNPVTIEELSKSL,,2,[],Bacillus subtilis subsp. subtilis,2.4,2013-03-01,diffraction,True
3u58_B,3u58,B,213,protein,Tetrahymena Teb1 AB,GSLSDQLSKQTLLISQLQVGKNRFSFKFEGRVVYKSSTFQNQQDSKYFFITAQDANNQEINLSFWQKVDQSYQTLKVGQYYYFIGGEVKQFKNNLELKFKFGDYQIIPKETLGGSGGSTLLISEVLKTSKQYLSVLAQVVDIQSSDKNIRLKICDNSCNQELKVVIFPDLCYEWRDKFSINKWYYFNEFVRQIYNDEVQLKNNIHSSIKESDD,,8,[],Tetrahymena thermophila; SYNTHETIC CONSTRUCT,2.613,2011-10-11,diffraction,True
2hlf_F,2hlf,F,211,protein,"Fab Fragment, Light chain",DIVLTQSPAIMSAAPGDKVTMTCSASSSVSYIHWYQQKSGTSPKRWIYDTSKLTSGVPVRFSGSGSGTSYSLTINTMEAEDAATYYCQQWSSHPQTFGGGTKLEILRADAAPTVSIFPPSSEQLTSGGASVVCFLNNFYPKDINVKWKIDGSERQNGVLNSWTDQDSKDSTYSMSSTLTLTKDEYERHNSYTCEATHKTSTSPIVKSFNRA,,6,[],Escherichia coli; Mus musculus,3.3,2006-07-07,diffraction,True
9k2k_L,9k2k,L,201,protein,ATP-dependent Clp protease proteolytic subunit,MNLIPTVIETTNRGERAYDIYSRLLKDRIIMLGSQIDDNVANSIVSQLLFLQAQDSEKDIYLYINSPGGSVTAGFAIYDTIQHIKPDVQTICIGMAASMGSFLLAAGAKGKRFALPNAEVMIHQPLGGAQGQATEIEIAANHILKTREKLNRILSERTGQSIEKIQKDTDRDNFLTAEEAKEYGLIDEVMVPETKHHHHHH,,14,[],Staphylococcus aureus (strain Mu3 / ATCC 700698),2.74,2024-10-17,diffraction,True
8szn_a,8szn,a,204,protein,ATP-dependent Clp protease proteolytic subunit,MSFDNYLVPTVIEQSGRGERAFDIYSRLLKERIVFLVGPVTDESANLVVAQLLFLESENPDKDIFFYINSPGGSVTAGMSIYDTMNFIKPDVSTLCLGQAASMGAFLLSAGEKGKRFALPNSRIMIHQPLISGGLGGQASDIEIHARELLKIKEKLNRLMAKHCDRDLADLERDTDRDNFMSAEEAKEYGLIDQILENRASLRL,,21,[],Neisseria meningitidis,2.33,2023-05-30,diffraction,True
3i06_A,3i06,A,215,protein,Cruzipain,APAAVDWRARGAVTAVKDQGQCGSCWAFSAIGNVECQWFLAGHPLTNLSEQMLVSCDKTDSGCSGGLMNNAFEWIVQENNGAVYTEDSYPYASGEGISPPCTTSGHTVGATITGHVELPQDEAQIAAWLAVNGPVAVAVDASSWMTYTGGVMTSCVSEQLDHGVLLVGYNDSAAVPYWIIKNSWTTQWGEEGYIRIAKGSNQCLVKEEASSAVVG,,1,[],Trypanosoma cruzi,1.1,2009-06-24,diffraction,True
1r44_D,1r44,D,202,protein,D-alanyl-D-alanine dipeptidase,MEIGFTFLDEIVHGVRWDAKYATWDNFTGKPVDGYEVNRIVGTYELAESLLKAKELAATQGYGLLLWDGYRPKRAVNCFMQWAAQPENNLTKESYYPNIDRTEMISKGYVASKSSHSRGSAIDLTLYRLDTGELVPMGSRFDFMDERSHHAANGISCNEAQNRRRLRSIMENSGFEAYSLEWWHYVLRDEPYPNSYFDFPVK,,6,[],Enterococcus faecium,2.25,2003-10-03,diffraction,True
6hwd_W,6hwd,W,205,protein,Proteasome subunit beta type-3,MSDPSSINGGIVVAMTGKDCVAIACDLRLGSQSLGVSNKFEKIFHYGHVFLGITGLATDVTTLNEMFRYKTNLYKLKEERAIEPETFTQLVSSSLYERRFGPYFVGPVVAGINSKSGKPFIAGFDLIGCIDEAKDFIVSGTASDQLFGMCESLYEPNLEPEDLFETISQALLNAADRDALSGWGAVVYIIKKDEVVKRYLKMRQD,,28,[],Saccharomyces cerevisiae S288c,2.8,2018-10-11,diffraction,True
5dsc_F,5dsc,F,215,protein,Fab Hou24.B Light Chain,AAVLTQTPSPVSAAVGGTVTISCRSRQRVYLGDWLSWFQKKPGQPPKLLIYDASFRGDGVSSRFSGSGSGTHFTLTISGVQCDDAATYYCLGGYYDDADDTFGGGTEVVVKGDPVAPTVLIFPPAADQVATGTVTIVCVANKYFPDVTVTWEVDGTTQTTGIENSKTPQNSADCTYNLSSTLTLTSTQYNSHKEYTCKVTQGTTSVVQSFNRGDC,,12,[],Oryctolagus cuniculus; SYNTHETIC CONSTRUCT,2.4,2015-09-17,diffraction,True
2f8v_D,2f8v,D,201,protein,N2B-Titin Isoform,MTTQAPTFTQPLQSVVVLEGSTATFEAHISGFPVPEVSWFRDGQVISTSTLPGVQISFSDGRAKLTIPAVTKANSGRYSLKATNGSGQATSTAELLVKAETAPPNFVQRLQSMTVRQGSQVRLQVRVTGIPTPVVKFYRDGAEIQSSLDFQISQEGDLYSLLIAEAYPEDSGTYSVNATNSVGRATSTAELLVQGETREEF,,6,[],Homo sapiens,2.75,2005-12-04,diffraction,True
2ajv_L,2ajv,L,216,protein,Antibody 7A1 Fab',DIVITQDELSNPVTSGESVSISCRSSRSLLYKDGRTYLNWFLQRPGQSPQLLIYLMSTRASGVSDRFSGSGSGTDFTLEISRVKAEDVGVYYCQQFVEYPFTFGSGTKLEIKRADAAPTVSIFPPSSEQLTSGGASVVCFLNNFYPKDINVKWKIDGSERQNGVLNSWTDQDSKDSTYSMSSTLTLTKDEYERHNSYTCEATHKTSTSPIVKSFNR,,2,[],Mus musculus,1.5,2005-08-02,diffraction,True
